"type","language","license","rightsHolder","accessRights","institutionCode","collectionCode","institutionID","collectionID","datasetID","datasetName","ownerInstitutionCode","basisOfRecord","informationWithheld","occurrenceID","catalogNumber","otherCatalogNumbers","preparations","disposition","associatedSequences","organismQuantity","organismQuantityType","duplicateLocation","recordNumber","recordedBy","verbatimEventDate","eventDate","year","month","day","continent","country","countryCode","stateProvince","county","locality","habitat","verbatimElevation","minimumElevationInMeters","maximumElevationInMeters","verbatimCoordinateSystem","verbatimCoordinates","decimalLatitude","decimalLongitude","geodeticDatum","georeferenceRemarks","kingdom","phylum","class","order","family","genus","specificEpithet","infraspecificEpithet","scientificNameAuthorship","identificationQualifier","verbatimTaxonRank","taxonID","scientificName","verbatimScientificName","synomym","previousIdentifications","vernacularName","identifiedBy","herbAffiliation","dateIdentified","typeStatus","associatedReferences","nomenclaturalCode","taxonRank","occurrenceRemarks","lifeStage","growthHabit","establishmentMeans","useCategory","verbatimUse","catalogerName","catalogYear","permitBy","permitName","permitType","permitStatus","permitStatusQualifier","permitURI","permitText","mobilizationCode","collectionCodeMAE","depositCode","observation"
"PhysicalObject","es","https://creativecommons.org/licenses/by-nc/4.0/","Universidad Tecnica Particular de Loja","CC BY NC 4.0","UTPL","HUTPL:V","f1014ac9-c45c-487b-87b6-ac906a129104","866f902a-1483-4bad-9ae1-961a1e27455e","","Vascular","UTPL","PreservedSpecimen","","HUTPL:V:15686","15686","","exicate","collection","","1","speciment part","","2468","M.M. Jiménez León","12/7/2024","2024-12-07","2024","12","7","South America","Ecuador","EC","Morona Santiago","San Juan Bosco","Jungle Dave's Farm, vía Gualaquiza-San Juan Bosco","","1740 m","1740","","utm","770772 9650982 UTM","-3.154776","-78.563707","WGS84","accepted","Plantae","Tracheophyta","Magnoliopsida","Ericales","Ericaceae","Satyria","leucostoma","","","","","","Satyria leucostoma","Satyria leucostoma","","","","M.M. Jiménez","HUTPL","2024-12-07","","","ICN","species","","","","","","","J.L. Armijos Barros","2025","A. Benítez","Estudio de diversidad taxonómica y genética de plantas y hongos del Ecuador","contrato marco","permit available","","","MAATE-DNB-CM-2022-0248-M-0001","3654","","DEP-2025-8",""
"PhysicalObject","es","https://creativecommons.org/licenses/by-nc/4.0/","Universidad Tecnica Particular de Loja","CC BY NC 4.0","UTPL","HUTPL:V","f1014ac9-c45c-487b-87b6-ac906a129104","866f902a-1483-4bad-9ae1-961a1e27455e","","Vascular","UTPL","PreservedSpecimen","","HUTPL:V:15687","15687","","exicate","collection","","1","speciment part","","2469","M.M. Jiménez León","12/7/2024","2024-12-07","2024","12","7","South America","Ecuador","EC","Morona Santiago","San Juan Bosco","Jungle Dave's Farm, vía Gualaquiza-San Juan Bosco","","1740 m","1740","","utm","770772 9650982 UTM","-3.154776","-78.563707","WGS84","accepted","Plantae","Tracheophyta","Magnoliopsida","Ericales","Ericaceae","Sphyrospermum","buxifolium","","Poepp. & Endl.","","","ec.bio.spp.17133","Sphyrospermum buxifolium","Sphyrospermum buxifolium Poepp. & Endl.","","","","M.M. Jiménez","HUTPL","2024-12-07","","","ICN","species","","","","","","","J.L. Armijos Barros","2025","A. Benítez","Estudio de diversidad taxonómica y genética de plantas y hongos del Ecuador","contrato marco","permit available","","","MAATE-DNB-CM-2022-0248-M-0001","3654","","DEP-2025-8",""
"PhysicalObject","es","https://creativecommons.org/licenses/by-nc/4.0/","Universidad Tecnica Particular de Loja","CC BY NC 4.0","UTPL","HUTPL:V","f1014ac9-c45c-487b-87b6-ac906a129104","866f902a-1483-4bad-9ae1-961a1e27455e","","Vascular","UTPL","PreservedSpecimen","","HUTPL:V:15688","15688","","exicate","collection","","2","speciment part","","2470","M.M. Jiménez León","12/7/2024","2024-12-07","2024","12","7","South America","Ecuador","EC","Morona Santiago","San Juan Bosco","Jungle Dave's Farm, vía Gualaquiza-San Juan Bosco","","1860 m","1860","","utm","770298 9651112 UTM","-3.153611","-78.567972","WGS84","accepted","Plantae","Tracheophyta","Magnoliopsida","Ericales","Ericaceae","Thibaudia","sessiliflora","","","","","","Thibaudia sessiliflora","Thibaudia sessiliflora","","","","M.M. Jiménez","HUTPL","2024-12-07","","","ICN","species","","","","","","","J.L. Armijos Barros","2025","A. Benítez","Estudio de diversidad taxonómica y genética de plantas y hongos del Ecuador","contrato marco","permit available","","","MAATE-DNB-CM-2022-0248-M-0001","3654","","DEP-2025-8",""
"PhysicalObject","es","https://creativecommons.org/licenses/by-nc/4.0/","Universidad Tecnica Particular de Loja","CC BY NC 4.0","UTPL","HUTPL:V","f1014ac9-c45c-487b-87b6-ac906a129104","866f902a-1483-4bad-9ae1-961a1e27455e","","Vascular","UTPL","PreservedSpecimen","","HUTPL:V:15689","15689","","exicate","collection","","1","speciment part","","2472","M.M. Jiménez León","12/7/2024","2024-12-07","2024","12","7","South America","Ecuador","EC","Morona Santiago","San Juan Bosco","Jungle Dave's Farm, vía Gualaquiza-San Juan Bosco","","1860 m","1860","","utm","770298 9651112 UTM","-3.153611","-78.567972","WGS84","accepted","Plantae","Tracheophyta","Magnoliopsida","Ericales","Ericaceae","Macleania","mollis","","A.C.Sm.","","","ec.bio.spp.17041","Macleania mollis","Macleania mollis A.C.Sm.","","","","M.M. Jiménez","HUTPL","2024-12-07","","","ICN","species","","","","","","","J.L. Armijos Barros","2025","A. Benítez","Estudio de diversidad taxonómica y genética de plantas y hongos del Ecuador","contrato marco","permit available","","","MAATE-DNB-CM-2022-0248-M-0001","3654","","DEP-2025-8",""
"PhysicalObject","es","https://creativecommons.org/licenses/by-nc/4.0/","Universidad Tecnica Particular de Loja","CC BY NC 4.0","UTPL","HUTPL:V","f1014ac9-c45c-487b-87b6-ac906a129104","866f902a-1483-4bad-9ae1-961a1e27455e","","Vascular","UTPL","PreservedSpecimen","","HUTPL:V:15690","15690","","exicate","collection","","1","speciment part","","2473","M.M. Jiménez León","12/7/2024","2024-12-07","2024","12","7","South America","Ecuador","EC","Morona Santiago","San Juan Bosco","Jungle Dave's Farm, vía Gualaquiza-San Juan Bosco","","1838 m","1838","","utm","770427 9651160 UTM","-3.153174","-78.566813","WGS84","accepted","Plantae","Tracheophyta","Magnoliopsida","Ericales","Ericaceae","Macleania","mollis","","A.C.Sm.","","","ec.bio.spp.17041","Macleania mollis","Macleania mollis A.C.Sm.","","","","M.M. Jiménez","HUTPL","2024-12-07","","","ICN","species","","","","","","","J.L. Armijos Barros","2025","A. Benítez","Estudio de diversidad taxonómica y genética de plantas y hongos del Ecuador","contrato marco","permit available","","","MAATE-DNB-CM-2022-0248-M-0001","3654","","DEP-2025-8",""
"PhysicalObject","es","https://creativecommons.org/licenses/by-nc/4.0/","Universidad Tecnica Particular de Loja","CC BY NC 4.0","UTPL","HUTPL:V","f1014ac9-c45c-487b-87b6-ac906a129104","866f902a-1483-4bad-9ae1-961a1e27455e","","Vascular","UTPL","PreservedSpecimen","","HUTPL:V:15691","15691","","exicate","collection","","1","speciment part","","2477","M.M. Jiménez León|A. Chamba","12/8/2024","2024-12-08","2024","12","8","South America","Ecuador","EC","Morona Santiago","San Juan Bosco","Jungle Dave's Farm, vía Gualaquiza-San Juan Bosco","","1877 m","1877","","utm","770430 9650640 UTM","-3.157874","-78.566775","WGS84","accepted","Plantae","Tracheophyta","Magnoliopsida","Ericales","Ericaceae","Macleania","floribunda","","Hook.","","","ec.bio.spp.17033","Macleania floribunda","Macleania floribunda Hook.","","","","M.M. Jiménez","HUTPL","2024-12-08","","","ICN","species","","","","","","","J.L. Armijos Barros","2025","A. Benítez","Estudio de diversidad taxonómica y genética de plantas y hongos del Ecuador","contrato marco","permit available","","","MAATE-DNB-CM-2022-0248-M-0001","3654","","DEP-2025-8",""
"PhysicalObject","es","https://creativecommons.org/licenses/by-nc/4.0/","Universidad Tecnica Particular de Loja","CC BY NC 4.0","UTPL","HUTPL:V","f1014ac9-c45c-487b-87b6-ac906a129104","866f902a-1483-4bad-9ae1-961a1e27455e","","Vascular","UTPL","PreservedSpecimen","","HUTPL:V:15692","15692","","exicate","collection","","1","speciment part","","2478","M.M. Jiménez León|A. Chamba","12/8/2024","2024-12-08","2024","12","8","South America","Ecuador","EC","Morona Santiago","San Juan Bosco","Jungle Dave's Farm, vía Gualaquiza-San Juan Bosco","","1926 m","1926","","utm","770304 9650800 UTM","-3.156431","-78.567911","WGS84","accepted","Plantae","Tracheophyta","Magnoliopsida","Ericales","Ericaceae","Disterigma","acuminatum","","(Kunth) Nied.","","","ec.bio.spp.16952","Disterigma acuminatum","Disterigma acuminatum (Kunth) Nied.","","","","M.M. Jiménez","HUTPL","2024-12-08","","","ICN","species","","","","","","","J.L. Armijos Barros","2025","A. Benítez","Estudio de diversidad taxonómica y genética de plantas y hongos del Ecuador","contrato marco","permit available","","","MAATE-DNB-CM-2022-0248-M-0001","3654","","DEP-2025-8",""
"PhysicalObject","es","https://creativecommons.org/licenses/by-nc/4.0/","Universidad Tecnica Particular de Loja","CC BY NC 4.0","UTPL","HUTPL:V","f1014ac9-c45c-487b-87b6-ac906a129104","866f902a-1483-4bad-9ae1-961a1e27455e","","Vascular","UTPL","PreservedSpecimen","","HUTPL:V:15693","15693","","exicate","collection","","1","speciment part","","2480","M.M. Jiménez León|A. Chamba","12/8/2024","2024-12-08","2024","12","8","South America","Ecuador","EC","Morona Santiago","San Juan Bosco","Jungle Dave's Farm, vía Gualaquiza-San Juan Bosco","","1926 m","1926","","utm","17M 770304 9650800 UTM","-3.156431","-78.567911","WGS84","accepted","Plantae","Tracheophyta","Liliopsida","Asparagales","Orchidaceae","Trichosalpinx","","","Luer","","","ec.bio.spp.1032","Trichosalpinx","Trichosalpinx Luer","","","","L.E. Baquero","","2024-12-10","","","ICN","genus","Epifita en ramas del estrato bajo.","","","","","","J.L. Armijos Barros","2025","A. Benítez","Estudio de diversidad taxonómica y genética de plantas y hongos del Ecuador","contrato marco","permit available","","","MAATE-DNB-CM-2022-0248-M-0001","3654","","DEP-2025-8",""
"PhysicalObject","es","https://creativecommons.org/licenses/by-nc/4.0/","Universidad Tecnica Particular de Loja","CC BY NC 4.0","UTPL","HUTPL:V","f1014ac9-c45c-487b-87b6-ac906a129104","866f902a-1483-4bad-9ae1-961a1e27455e","","Vascular","UTPL","PreservedSpecimen","","HUTPL:V:15694","15694","","exicate","collection","","1","speciment part","","2498","M.M. Jiménez León|M. Jiménez Villalta","","2024-12-29","2024","12","29","South America","Ecuador","EC","Zamora Chinchipe","Zamora","Vía antigua Loja-Zamora, tramo hasta El Retorno, cerca de Delsitanisagua","","1592 m","1592","","utm","17M 721810 9555006 UTM","-4.023478","-79.002161","WGS84","accepted","Plantae","Tracheophyta","Magnoliopsida","Ericales","Ericaceae","Sphyrospermum","lanceolatum","","Luteyn","","","ec.bio.spp.17143","Sphyrospermum lanceolatum","Sphyrospermum lanceolatum Luteyn","","","","M.M. Jiménez León","HUTPL","2024-12-30","","","ICN","species","Epifita, pendiente.","","","","","","J.L. Armijos Barros","2025","A. Benítez","Estudio de diversidad taxonómica y genética de plantas y hongos del Ecuador","contrato marco","permit available","","","MAATE-DNB-CM-2022-0248-M-0001","3658","","DEP-2025-8",""
"PhysicalObject","es","https://creativecommons.org/licenses/by-nc/4.0/","Universidad Tecnica Particular de Loja","CC BY NC 4.0","UTPL","HUTPL:V","f1014ac9-c45c-487b-87b6-ac906a129104","866f902a-1483-4bad-9ae1-961a1e27455e","","Vascular","UTPL","PreservedSpecimen","","HUTPL:V:15695","15695","","exicate","collection","","1","speciment part","","2499","M.M. Jiménez León|M. Jiménez Villalta","","2025-01-27","2025","1","27","South America","Ecuador","EC","Zamora Chinchipe","El Pangui","Cordillera de Shagmi, Cordillera del Cóndor flank, between El Pangui and Los Encuentros,","Bosque montano bajo húmedo","1490 m","1490","","degrees minutes seconds","3°43'25.3"" S 78°32'1.2"" W","-3.723694","-78.533667","WGS84","accepted","Plantae","Tracheophyta","Magnoliopsida","Ericales","Ericaceae","Disterigma","leucanthum","","","","","","Disterigma leucanthum","Disterigma leucanthum","","","","M.M. Jiménez León","HUTPL","2025-01-28","","","ICN","species","Terrestre en talud junto a una quebrada.","","","","","","J.L. Armijos Barros","2025","A. Benítez","Estudio de diversidad taxonómica y genética de plantas y hongos del Ecuador","contrato marco","permit available","","","MAATE-DNB-CM-2022-0248-M-0001","3658","","DEP-2025-8",""
"PhysicalObject","es","https://creativecommons.org/licenses/by-nc/4.0/","Universidad Tecnica Particular de Loja","CC BY NC 4.0","UTPL","HUTPL:V","f1014ac9-c45c-487b-87b6-ac906a129104","866f902a-1483-4bad-9ae1-961a1e27455e","","Vascular","UTPL","PreservedSpecimen","","HUTPL:V:15696","15696","","exicate","collection","","1","speciment part","","2500","M.M. Jiménez León|J. Armijos, N. Espinosa-Ortega","","2025-01-28","2025","1","28","South America","Ecuador","EC","Zamora Chinchipe","El Pangui","Cordillera de Shagmi, Cordillera del Cóndor flank, between El Pangui and Los Encuentros,","Bosque montano bajo húmedo","1490 m","1490","","degrees minutes seconds","3°43'25.3"" S 78°32'1.2"" W","-3.723694","-78.533667","WGS84","accepted","Plantae","Tracheophyta","Magnoliopsida","Ericales","Ericaceae","Macleania","mollis","","A.C.Sm.","","","ec.bio.spp.17041","Macleania mollis","Macleania mollis A.C.Sm.","","","","M.M. Jiménez León","HUTPL","2025-01-29","","","ICN","species","Epifita sobre tronco de árbol.","","","","","","J.L. Armijos Barros","2025","A. Benítez","Estudio de diversidad taxonómica y genética de plantas y hongos del Ecuador","contrato marco","permit available","","","MAATE-DNB-CM-2022-0248-M-0001","3658","","DEP-2025-8",""
"PhysicalObject","es","https://creativecommons.org/licenses/by-nc/4.0/","Universidad Tecnica Particular de Loja","CC BY NC 4.0","UTPL","HUTPL:V","f1014ac9-c45c-487b-87b6-ac906a129104","866f902a-1483-4bad-9ae1-961a1e27455e","","Vascular","UTPL","PreservedSpecimen","","HUTPL:V:15697","15697","","exicate","collection","","5","speciment part","","2501","M.M. Jiménez León|J. Armijos, N. Espinosa-Ortega","","2025-01-28","2025","1","28","South America","Ecuador","EC","Zamora Chinchipe","El Pangui","Cordillera de Shagmi, Cordillera del Cóndor flank, between El Pangui and Los Encuentros,","Bosque montano bajo húmedo","1501 m","1501","","utm","773964.73 9587970.28 UTM","-3.724243","-78.533533","WGS84","accepted","Plantae","Tracheophyta","Magnoliopsida","Myrtales","Melastomataceae","Blakea","","","P.Browne","","","ec.bio.spp.3233","Blakea","Blakea P.Browne","","","","M.M. Jiménez León","HUTPL","2025-01-28","","","ICN","genus","Hemiepifita, lianescente.","","","","","","J.L. Armijos Barros","2025","A. Benítez","Estudio de diversidad taxonómica y genética de plantas y hongos del Ecuador","contrato marco","permit available","","","MAATE-DNB-CM-2022-0248-M-0001","3658","","DEP-2025-8",""
"PhysicalObject","es","https://creativecommons.org/licenses/by-nc/4.0/","Universidad Tecnica Particular de Loja","CC BY NC 4.0","UTPL","HUTPL:V","f1014ac9-c45c-487b-87b6-ac906a129104","866f902a-1483-4bad-9ae1-961a1e27455e","","Vascular","UTPL","PreservedSpecimen","","HUTPL:V:15698","15698","","exicate","collection","","1","speciment part","","2503","M.M. Jiménez León|D. Medina","","2025-01-28","2025","1","28","South America","Ecuador","EC","Zamora Chinchipe","El Pangui","Cordillera de Shagmi, Cordillera del Cóndor flank, between El Pangui and Los Encuentros,","Bosque montano bajo húmedo","1534 m","1534","","utm","773980 9587937 UTM","-3.724543","-78.533395","WGS84","accepted","Plantae","Tracheophyta","Magnoliopsida","Ericales","Ericaceae","Sphyrospermum","lanceolatum","","Luteyn","","","ec.bio.spp.17143","Sphyrospermum lanceolatum","Sphyrospermum lanceolatum Luteyn","","","","M.M. Jiménez León","HUTPL","2025-01-28","","","ICN","species","Terrestre en el sotobosque.","","","","","","J.L. Armijos Barros","2025","A. Benítez","Estudio de diversidad taxonómica y genética de plantas y hongos del Ecuador","contrato marco","permit available","","","MAATE-DNB-CM-2022-0248-M-0001","3658","","DEP-2025-8",""
"PhysicalObject","es","https://creativecommons.org/licenses/by-nc/4.0/","Universidad Tecnica Particular de Loja","CC BY NC 4.0","UTPL","HUTPL:V","f1014ac9-c45c-487b-87b6-ac906a129104","866f902a-1483-4bad-9ae1-961a1e27455e","","Vascular","UTPL","PreservedSpecimen","","HUTPL:V:15699","15699","","exicate","collection","","1","speciment part","","2504","M.M. Jiménez León|J. Armijos, N. Espinosa-Ortega","","2025-01-28","2025","1","28","South America","Ecuador","EC","Zamora Chinchipe","El Pangui","Cordillera de Shagmi, Cordillera del Cóndor flank, between El Pangui and Los Encuentros,","Bosque montano bajo húmedo","1519 m","1519","","utm","773974 9587954 UTM","-3.724389","-78.53345","WGS84","accepted","Plantae","Tracheophyta","Liliopsida","Asparagales","Orchidaceae","Pleurothallis","tiarata","","","","","","Pleurothallis tiarata","Pleurothallis tiarata","","","","L.E. Baquero","","2025-01-31","","","ICN","species","Epifita en troncos de árboles.","","","","","","J.L. Armijos Barros","2025","A. Benítez","Estudio de diversidad taxonómica y genética de plantas y hongos del Ecuador","contrato marco","permit available","","","MAATE-DNB-CM-2022-0248-M-0001","3658","","DEP-2025-8",""
"PhysicalObject","es","https://creativecommons.org/licenses/by-nc/4.0/","Universidad Tecnica Particular de Loja","CC BY NC 4.0","UTPL","HUTPL:V","f1014ac9-c45c-487b-87b6-ac906a129104","866f902a-1483-4bad-9ae1-961a1e27455e","","Vascular","UTPL","PreservedSpecimen","","HUTPL:V:15700","15700","","exicate","collection","","1","speciment part","","2505","M.M. Jiménez León|J. Armijos, N. Espinosa-Ortega","","2025-01-28","2025","1","28","South America","Ecuador","EC","Zamora Chinchipe","El Pangui","Cordillera de Shagmi, Cordillera del Cóndor flank, between El Pangui and Los Encuentros,","Bosque montano bajo húmedo","1524 m","1524","","utm","773989 9587864 UTM","-3.725203","-78.533312","WGS84","accepted","Plantae","Tracheophyta","Liliopsida","Asparagales","Orchidaceae","Pleurothallis","tiarata","","","","","","Pleurothallis tiarata","Pleurothallis tiarata","","","","L.E. Baquero","","2025-01-31","","","ICN","species","Epifita en troncos de árboles.","","","","","","J.L. Armijos Barros","2025","A. Benítez","Estudio de diversidad taxonómica y genética de plantas y hongos del Ecuador","contrato marco","permit available","","","MAATE-DNB-CM-2022-0248-M-0001","3658","","DEP-2025-8",""
"PhysicalObject","es","https://creativecommons.org/licenses/by-nc/4.0/","Universidad Tecnica Particular de Loja","CC BY NC 4.0","UTPL","HUTPL:V","f1014ac9-c45c-487b-87b6-ac906a129104","866f902a-1483-4bad-9ae1-961a1e27455e","","Vascular","UTPL","PreservedSpecimen","","HUTPL:V:15701","15701","","exicate","collection","","1","speciment part","","2511","M.M. Jiménez León|J. Armijos, N. Espinosa-Ortega","","2025-01-28","2025","1","28","South America","Ecuador","EC","Zamora Chinchipe","El Pangui","Cordillera de Shagmi, Cordillera del Cóndor flank, between El Pangui and Los Encuentros,","Bosque montano bajo húmedo","1524 m","1524","","utm","773994 9587826 UTM","-3.725546","-78.533266","WGS84","accepted","Plantae","Tracheophyta","Liliopsida","Asparagales","Orchidaceae","Stelis","","","Sw.","","","ec.bio.spp.1011","Stelis","Stelis Sw.","","","","M.M. Jiménez León","HUTPL","2025-01-28","","","ICN","genus","Epifita en ramas caídas.","","","","","","J.L. Armijos Barros","2025","A. Benítez","Estudio de diversidad taxonómica y genética de plantas y hongos del Ecuador","contrato marco","permit available","","","MAATE-DNB-CM-2022-0248-M-0001","3658","","DEP-2025-8",""
"PhysicalObject","es","https://creativecommons.org/licenses/by-nc/4.0/","Universidad Tecnica Particular de Loja","CC BY NC 4.0","UTPL","HUTPL:V","f1014ac9-c45c-487b-87b6-ac906a129104","866f902a-1483-4bad-9ae1-961a1e27455e","","Vascular","UTPL","PreservedSpecimen","","HUTPL:V:15702","15702","","exicate","collection","","1","speciment part","","2513","M.M. Jiménez León|D. Medina","","2025-01-29","2025","1","29","South America","Ecuador","EC","Zamora Chinchipe","El Pangui","Cordillera de Shagmi, Cordillera del Cóndor flank, between El Pangui and Los Encuentros,","Bosque montano bajo húmedo","1524 m","1524","","utm","773994 9587826 UTM","-3.725546","-78.533266","WGS84","accepted","Plantae","Tracheophyta","Liliopsida","Asparagales","Orchidaceae","Stelis","","","Sw.","","","ec.bio.spp.1011","Stelis","Stelis Sw.","","","","M.M. Jiménez León","HUTPL","2025-01-29","","","ICN","genus","Terrestre en el sotobosque.","","","","","","J.L. Armijos Barros","2025","A. Benítez","Estudio de diversidad taxonómica y genética de plantas y hongos del Ecuador","contrato marco","permit available","","","MAATE-DNB-CM-2022-0248-M-0001","3658","","DEP-2025-8",""
"PhysicalObject","es","https://creativecommons.org/licenses/by-nc/4.0/","Universidad Tecnica Particular de Loja","CC BY NC 4.0","UTPL","HUTPL:V","f1014ac9-c45c-487b-87b6-ac906a129104","866f902a-1483-4bad-9ae1-961a1e27455e","","Vascular","UTPL","PreservedSpecimen","","HUTPL:V:15703","15703","","no exicate","collection","","1","speciment part","","2521","M.M. Jiménez León","","2025-01-30","2025","1","30","South America","Ecuador","EC","Zamora Chinchipe","El Pangui","Cordillera de Shagmi, Cordillera del Cóndor flank, between El Pangui and Los Encuentros,","","1514 m","1514","","utm","17M 774077 9588130 UTM","-3.722796","-78.532527","WGS84","accepted","Plantae","Tracheophyta","Liliopsida","Asparagales","Orchidaceae","Masdevallia","guttulata","","","","","","Masdevallia guttulata","Masdevallia guttulata","","","","M.M. Jiménez","HUTPL","2025-01-30","","","ICN","species","","","","","","","J.L. Armijos Barros","2025","A. Benítez","Estudio de diversidad taxonómica y genética de plantas y hongos del Ecuador","contrato marco","permit available","","","MAATE-DNB-CM-2022-0248-M-0001","3658","","DEP-2025-8",""
"PhysicalObject","es","https://creativecommons.org/licenses/by-nc/4.0/","Universidad Tecnica Particular de Loja","CC BY NC 4.0","UTPL","HUTPL:V","f1014ac9-c45c-487b-87b6-ac906a129104","866f902a-1483-4bad-9ae1-961a1e27455e","","Vascular","UTPL","PreservedSpecimen","","HUTPL:V:15704","15704","","exicate","collection","","4","speciment part","","2564","M.M. Jiménez León|G.A. Iturralde, Garzón-Suárez, H.X.","5/30/2025","2025-05-30","2025","5","30","South America","Ecuador","EC","Napo","Tena","Cerca de Pano","","706 m","706","","utm","18 M176175 9889282 UTM","-1.0004","-77.909316","WGS84","accepted","Plantae","Tracheophyta","Magnoliopsida","Myrtales","Melastomataceae","Blakea","hispida","","","","","","Blakea hispida","Blakea hispida","","","","M.M. Jiménez","HUTPL","2025-05-30","","","ICN","species","","","","","","","J.L. Armijos Barros","2025","A. Benítez","Estudio de diversidad taxonómica y genética de plantas y hongos del Ecuador","contrato marco","permit available","","","MAATE-DNB-CM-2022-0248-M-0001","3655","","DEP-2025-8",""
"PhysicalObject","es","https://creativecommons.org/licenses/by-nc/4.0/","Universidad Tecnica Particular de Loja","CC BY NC 4.0","UTPL","HUTPL:V","f1014ac9-c45c-487b-87b6-ac906a129104","866f902a-1483-4bad-9ae1-961a1e27455e","","Vascular","UTPL","PreservedSpecimen","","HUTPL:V:15705","15705","","exicate","collection","","2","speciment part","","2576","M.M. Jiménez León|G.A. Iturralde, Garzón-Suárez, H.X.","5/31/2025","2025-05-31","2025","5","31","South America","Ecuador","EC","Napo","Archidona","Cerca de Pacto Sumaco, subiendo al Volcán Sumaco","","1500 m","1500","","utm","18M 212017 9926404 UTM","-0.665163","-77.587318","WGS84","accepted","Plantae","Tracheophyta","Magnoliopsida","Ericales","Ericaceae","Ceratostema","nodosum","","","","","","Ceratostema nodosum","Ceratostema nodosum","","","","M.M. Jiménez","HUTPL","2025-05-31","","","ICN","species","","","","","","","J.L. Armijos Barros","2025","A. Benítez","Estudio de diversidad taxonómica y genética de plantas y hongos del Ecuador","contrato marco","permit available","","","MAATE-DNB-CM-2022-0248-M-0001","3655","","DEP-2025-8",""
"PhysicalObject","es","https://creativecommons.org/licenses/by-nc/4.0/","Universidad Tecnica Particular de Loja","CC BY NC 4.0","UTPL","HUTPL:V","f1014ac9-c45c-487b-87b6-ac906a129104","866f902a-1483-4bad-9ae1-961a1e27455e","","Vascular","UTPL","PreservedSpecimen","","HUTPL:V:15706","15706","","exicate","collection","","1","speciment part","","2577","M.M. Jiménez León|G.A. Iturralde, Garzón-Suárez, H.X.","5/31/2025","2025-05-31","2025","5","31","South America","Ecuador","EC","Napo","Archidona","Cerca de Pacto Sumaco, subiendo al Volcán Sumaco","","1600 m","1600","","utm","212161 9927863 UTM","-0.651977","-77.586019","WGS84","accepted","Plantae","Tracheophyta","Magnoliopsida","Myrtales","Melastomataceae","Blakea","","","P.Browne","","","ec.bio.spp.3233","Blakea","Blakea P.Browne","","","","M.M. Jiménez","HUTPL","2025-05-31","","","ICN","genus","","","","","","","J.L. Armijos Barros","2025","A. Benítez","Estudio de diversidad taxonómica y genética de plantas y hongos del Ecuador","contrato marco","permit available","","","MAATE-DNB-CM-2022-0248-M-0001","3655","","DEP-2025-8",""
"PhysicalObject","es","https://creativecommons.org/licenses/by-nc/4.0/","Universidad Tecnica Particular de Loja","CC BY NC 4.0","UTPL","HUTPL:V","f1014ac9-c45c-487b-87b6-ac906a129104","866f902a-1483-4bad-9ae1-961a1e27455e","","Vascular","UTPL","PreservedSpecimen","","HUTPL:V:15707","15707","","exicate","collection","","1","speciment part","","2578","M.M. Jiménez León|G.A. Iturralde, Garzón-Suárez, H.X.","5/31/2025","2025-05-31","2025","5","31","South America","Ecuador","EC","Napo","Archidona","Cerca de Pacto Sumaco, subiendo al Volcán Sumaco","","1600 m","1600","","utm","212161 9927863 UTM","-0.651977","-77.586019","WGS84","accepted","Plantae","Tracheophyta","Magnoliopsida","Myrtales","Melastomataceae","Blakea","spruceana","","Cogn.","","","ec.bio.spp.27300","Blakea spruceana","Blakea spruceana Cogn.","","","","M.M. Jiménez","HUTPL","2025-05-31","","","ICN","species","","","","","","","J.L. Armijos Barros","2025","A. Benítez","Estudio de diversidad taxonómica y genética de plantas y hongos del Ecuador","contrato marco","permit available","","","MAATE-DNB-CM-2022-0248-M-0001","3655","","DEP-2025-8",""
"PhysicalObject","es","https://creativecommons.org/licenses/by-nc/4.0/","Universidad Tecnica Particular de Loja","CC BY NC 4.0","UTPL","HUTPL:V","f1014ac9-c45c-487b-87b6-ac906a129104","866f902a-1483-4bad-9ae1-961a1e27455e","","Vascular","UTPL","PreservedSpecimen","","HUTPL:V:15708","15708","","exicate","collection","","1","speciment part","","2584","M.M. Jiménez León|G.A. Iturralde, Garzón-Suárez, H.X., Salagaje, L.","6/1/2025","2025-06-01","2025","6","1","South America","Ecuador","EC","Napo","Quijos","Río Quijos, cerca de Borja","","1673 m","1673","","utm","18 M 1818126 9950172 UTM","-0.450245","-77.858363","WGS84","accepted","Plantae","Tracheophyta","Magnoliopsida","Ericales","Ericaceae","Sphyrospermum","buxifolium","","Poepp. & Endl.","","","ec.bio.spp.17133","Sphyrospermum buxifolium","Sphyrospermum buxifolium Poepp. & Endl.","","","","M.M. Jiménez","HUTPL","2025-06-01","","","ICN","species","","","","","","","J.L. Armijos Barros","2025","A. Benítez","Estudio de diversidad taxonómica y genética de plantas y hongos del Ecuador","contrato marco","permit available","","","MAATE-DNB-CM-2022-0248-M-0001","3655","","DEP-2025-8",""
"PhysicalObject","es","https://creativecommons.org/licenses/by-nc/4.0/","Universidad Tecnica Particular de Loja","CC BY NC 4.0","UTPL","HUTPL:V","f1014ac9-c45c-487b-87b6-ac906a129104","866f902a-1483-4bad-9ae1-961a1e27455e","","Vascular","UTPL","PreservedSpecimen","","HUTPL:V:15709","15709","","exicate","collection","","1","speciment part","","2588","M.M. Jiménez León|G.A. Iturralde, Garzón-Suárez, H.X., Salagaje, L.","6/1/2025","2025-06-01","2025","6","1","South America","Ecuador","EC","Napo","Quijos","Cerca de Borja, siguiendo una quebrada hacia arriba","","1769 m","1769","","decimal degrees","-0.4543349 lat -77.7963028 long","-0.4543349","-77.7963028","WGS84","accepted","Plantae","Tracheophyta","Liliopsida","Asparagales","Orchidaceae","Maxillaria","ecuadorensis","","","","","","Maxillaria ecuadorensis","Maxillaria ecuadorensis","","","","M.M. Jiménez","HUTPL","2025-06-01","","","ICN","species","","","","","","","J.L. Armijos Barros","2025","A. Benítez","Estudio de diversidad taxonómica y genética de plantas y hongos del Ecuador","contrato marco","permit available","","","MAATE-DNB-CM-2022-0248-M-0001","3655","","DEP-2025-8",""
"PhysicalObject","es","https://creativecommons.org/licenses/by-nc/4.0/","Universidad Tecnica Particular de Loja","CC BY NC 4.0","UTPL","HUTPL:V","f1014ac9-c45c-487b-87b6-ac906a129104","866f902a-1483-4bad-9ae1-961a1e27455e","","Vascular","UTPL","PreservedSpecimen","","HUTPL:V:15710","15710","","exicate","collection","","1","speciment part","","2589","M.M. Jiménez León|G.A. Iturralde, Garzón-Suárez, H.X., Salagaje, L.","6/1/2025","2025-06-01","2025","6","1","South America","Ecuador","EC","Napo","Quijos","Cerca de Borja, siguiendo una quebrada hacia arriba","","1761 m","1761","","decimal degrees","-0.4543874 lat -77.7967036 long","-0.4543874","-77.7967036","WGS84","accepted","Plantae","Tracheophyta","Liliopsida","Asparagales","Orchidaceae","Maxillaria","","","Ruiz & Pav.","","","ec.bio.spp.890","Maxillaria","Maxillaria Ruiz & Pav.","","","","M.M. Jiménez León","HUTPL","2025-06-01","","","ICN","genus","Epifita sobre tronco de árbol.","","","","","","J.L. Armijos Barros","2025","A. Benítez","Estudio de diversidad taxonómica y genética de plantas y hongos del Ecuador","contrato marco","permit available","","","MAATE-DNB-CM-2022-0248-M-0001","3655","","DEP-2025-8",""
"PhysicalObject","es","https://creativecommons.org/licenses/by-nc/4.0/","Universidad Tecnica Particular de Loja","CC BY NC 4.0","UTPL","HUTPL:V","f1014ac9-c45c-487b-87b6-ac906a129104","866f902a-1483-4bad-9ae1-961a1e27455e","","Vascular","UTPL","PreservedSpecimen","","HUTPL:V:15711","15711","","exicate","collection","","1","speciment part","","2590","M.M. Jiménez León|G.A. Iturralde, Garzón-Suárez, H.X., Salagaje, L.","6/1/2025","2025-06-01","2025","6","1","South America","Ecuador","EC","Napo","Quijos","Cerca de Borja, siguiendo una quebrada hacia arriba","","1767 m","1767","","decimal degrees","-0.4538079 lat -77.796285 long","-0.4538079","-77.796285","WGS84","accepted","Plantae","Tracheophyta","Liliopsida","Asparagales","Orchidaceae","Maxillaria","","","Ruiz & Pav.","","","ec.bio.spp.890","Maxillaria","Maxillaria Ruiz & Pav.","","","","M.M. Jiménez","HUTPL","2025-06-01","","","ICN","genus","","","","","","","J.L. Armijos Barros","2025","A. Benítez","Estudio de diversidad taxonómica y genética de plantas y hongos del Ecuador","contrato marco","permit available","","","MAATE-DNB-CM-2022-0248-M-0001","3655","","DEP-2025-8",""
"PhysicalObject","es","https://creativecommons.org/licenses/by-nc/4.0/","Universidad Tecnica Particular de Loja","CC BY NC 4.0","UTPL","HUTPL:V","f1014ac9-c45c-487b-87b6-ac906a129104","866f902a-1483-4bad-9ae1-961a1e27455e","","Vascular","UTPL","PreservedSpecimen","","HUTPL:V:15712","15712","","exicate","collection","","1","speciment part","","2591","M.M. Jiménez León|G.A. Iturralde, Garzón-Suárez, H.X., Salagaje, L.","6/1/2025","2025-06-01","2025","6","1","South America","Ecuador","EC","Napo","Quijos","Cerca de Borja, siguiendo una quebrada hacia arriba","","1822 m","1822","","decimal degrees","-0.459702 lat -77.7862701 long","-0.459702","-77.7862701","WGS84","accepted","Plantae","Tracheophyta","Liliopsida","Asparagales","Orchidaceae","Pleurothallis","baezensis","","","","","","Pleurothallis baezensis","Pleurothallis baezensis","","","","M.M. Jiménez","HUTPL","2025-06-01","","","ICN","species","","","","","","","J.L. Armijos Barros","2025","A. Benítez","Estudio de diversidad taxonómica y genética de plantas y hongos del Ecuador","contrato marco","permit available","","","MAATE-DNB-CM-2022-0248-M-0001","3655","","DEP-2025-8",""
"PhysicalObject","es","https://creativecommons.org/licenses/by-nc/4.0/","Universidad Tecnica Particular de Loja","CC BY NC 4.0","UTPL","HUTPL:V","f1014ac9-c45c-487b-87b6-ac906a129104","866f902a-1483-4bad-9ae1-961a1e27455e","","Vascular","UTPL","PreservedSpecimen","","HUTPL:V:15713","15713","","exicate","collection","","1","speciment part","","2593","M.M. Jiménez León|G.A. Iturralde, Garzón-Suárez, H.X., Salagaje, L.","6/1/2025","2025-06-01","2025","6","1","South America","Ecuador","EC","Napo","Quijos","Cerca de Borja, siguiendo una quebrada hacia arriba","","1810 m","1810","","decimal degrees","-0.4597604 lat -77.7864334 long","-0.4597604","-77.7864334","WGS84","accepted","Plantae","Tracheophyta","Liliopsida","Asparagales","Orchidaceae","Pleurothallis","dunstervillei","","","","","","Pleurothallis dunstervillei","Pleurothallis dunstervillei","","","","M.M. Jiménez","HUTPL","2025-06-01","","","ICN","species","","","","","","","J.L. Armijos Barros","2025","A. Benítez","Estudio de diversidad taxonómica y genética de plantas y hongos del Ecuador","contrato marco","permit available","","","MAATE-DNB-CM-2022-0248-M-0001","3655","","DEP-2025-8",""
"PhysicalObject","es","https://creativecommons.org/licenses/by-nc/4.0/","Universidad Tecnica Particular de Loja","CC BY NC 4.0","UTPL","HUTPL:V","f1014ac9-c45c-487b-87b6-ac906a129104","866f902a-1483-4bad-9ae1-961a1e27455e","","Vascular","UTPL","PreservedSpecimen","","HUTPL:V:15714","15714","","exicate","collection","","2","speciment part","","2594","M.M. Jiménez León|G.A. Iturralde, Garzón-Suárez, H.X., Salagaje, L.","6/1/2025","2025-06-01","2025","6","1","South America","Ecuador","EC","Napo","Quijos","Cerca de Borja, siguiendo una quebrada hacia arriba","","2002 m","2002","","decimal degrees","-0.4696253 lat -77.787411 long","-0.4696253","-77.787411","WGS84","accepted","Plantae","Tracheophyta","Magnoliopsida","Ericales","Ericaceae","Ceratostema","glandipedicellata","","","","","","Ceratostema glandipedicellata","Ceratostema glandipedicellata","","","","M.M. Jiménez","HUTPL","2025-06-01","","","ICN","species","","","","","","","J.L. Armijos Barros","2025","A. Benítez","Estudio de diversidad taxonómica y genética de plantas y hongos del Ecuador","contrato marco","permit available","","","MAATE-DNB-CM-2022-0248-M-0001","3655","","DEP-2025-8",""
"PhysicalObject","es","https://creativecommons.org/licenses/by-nc/4.0/","Universidad Tecnica Particular de Loja","CC BY NC 4.0","UTPL","HUTPL:V","f1014ac9-c45c-487b-87b6-ac906a129104","866f902a-1483-4bad-9ae1-961a1e27455e","","Vascular","UTPL","PreservedSpecimen","","HUTPL:V:15715","15715","","exicate","collection","","1","speciment part","","2595","M.M. Jiménez León|G.A. Iturralde, Garzón-Suárez, H.X., Salagaje, L.","6/1/2025","2025-06-01","2025","6","1","South America","Ecuador","EC","Napo","Quijos","Cerca de Borja, siguiendo una quebrada hacia arriba","","1879 m","1879","","decimal degrees","-0.4670291 lat -77.7873289 long","-0.4670291","-77.7873289","WGS84","accepted","Plantae","Tracheophyta","Magnoliopsida","Myrtales","Melastomataceae","Meriania","","","Sw.","","","ec.bio.spp.3262","Meriania","Meriania Sw.","","","","M.M. Jiménez","HUTPL","2025-06-01","","","ICN","genus","","","","","","","J.L. Armijos Barros","2025","A. Benítez","Estudio de diversidad taxonómica y genética de plantas y hongos del Ecuador","contrato marco","permit available","","","MAATE-DNB-CM-2022-0248-M-0001","3655","","DEP-2025-8",""
"PhysicalObject","es","https://creativecommons.org/licenses/by-nc/4.0/","Universidad Tecnica Particular de Loja","CC BY NC 4.0","UTPL","HUTPL:V","f1014ac9-c45c-487b-87b6-ac906a129104","866f902a-1483-4bad-9ae1-961a1e27455e","","Vascular","UTPL","PreservedSpecimen","","HUTPL:V:15716","15716","","exicate","store","","1","speciment part","","2596","M.M. Jiménez León|G.A. Iturralde, Garzón-Suárez, H.X.","6/2/2025","2025-06-02","2025","6","2","South America","Ecuador","EC","Napo","Cosanga","Cerca de Cosanga, vía hacia unas reservas privadas","","2088 m","2088","","decimal degrees","-0.5834853 lat -77.8752121 long","-0.5834853","-77.8752121","WGS84","accepted","Plantae","Tracheophyta","Magnoliopsida","Ericales","Ericaceae","Ceratostema","megabracteatum","","","","","","Ceratostema megabracteatum","Ceratostema megabracteatum","","","","M.M. Jiménez","HUTPL","2025-06-02","","","ICN","species","","","","","","","J.L. Armijos Barros","2025","A. Benítez","Estudio de diversidad taxonómica y genética de plantas y hongos del Ecuador","contrato marco","permit available","","","MAATE-DNB-CM-2022-0248-M-0001","3655","","DEP-2025-8",""
"PhysicalObject","es","https://creativecommons.org/licenses/by-nc/4.0/","Universidad Tecnica Particular de Loja","CC BY NC 4.0","UTPL","HUTPL:V","f1014ac9-c45c-487b-87b6-ac906a129104","866f902a-1483-4bad-9ae1-961a1e27455e","","Vascular","UTPL","PreservedSpecimen","","HUTPL:V:15717","15717","","exicate","collection","","1","speciment part","","2597","M.M. Jiménez León|G.A. Iturralde, Garzón-Suárez, H.X.","6/2/2025","2025-06-02","2025","6","2","South America","Ecuador","EC","Napo","Cosanga","Cerca de Cosanga, vía hacia unas reservas privadas","","1986 m","1986","","decimal degrees","-0.5762127 lat -77.8704286 long","-0.5762127","-77.8704286","WGS84","accepted","Plantae","Tracheophyta","Liliopsida","Asparagales","Orchidaceae","Maxillaria","pachyacron","","Schltr.","","","ec.bio.spp.60776","Maxillaria pachyacron","Maxillaria pachyacron Schltr.","","","","M.M. Jiménez León","HUTPL","2025-06-02","","","ICN","species","","","","","","","J.L. Armijos Barros","2025","A. Benítez","Estudio de diversidad taxonómica y genética de plantas y hongos del Ecuador","contrato marco","permit available","","","MAATE-DNB-CM-2022-0248-M-0001","3655","","DEP-2025-8",""
"PhysicalObject","es","https://creativecommons.org/licenses/by-nc/4.0/","Universidad Tecnica Particular de Loja","CC BY NC 4.0","UTPL","HUTPL:V","f1014ac9-c45c-487b-87b6-ac906a129104","866f902a-1483-4bad-9ae1-961a1e27455e","","Vascular","UTPL","PreservedSpecimen","","HUTPL:V:15718","15718","","exicate","collection","","1","speciment part","","2598","M.M. Jiménez León|G.A. Iturralde, Garzón-Suárez, H.X.","6/2/2025","2025-06-02","2025","6","2","South America","Ecuador","EC","Napo","Cosanga","Cerca de Cosanga, vía hacia unas reservas privadas","","2079 m","2079","","decimal degrees","-0.5838547 lat -77.8753255 long","-0.5838547","-77.8753255","WGS84","accepted","Plantae","Tracheophyta","Liliopsida","Asparagales","Orchidaceae","Maxillaria","","","Ruiz & Pav.","","","ec.bio.spp.890","Maxillaria","Maxillaria Ruiz & Pav.","","","","M.M. Jiménez","HUTPL","2025-06-02","","","ICN","genus","","","","","","","J.L. Armijos Barros","2025","A. Benítez","Estudio de diversidad taxonómica y genética de plantas y hongos del Ecuador","contrato marco","permit available","","","MAATE-DNB-CM-2022-0248-M-0001","3655","","DEP-2025-8",""
"PhysicalObject","es","https://creativecommons.org/licenses/by-nc/4.0/","Universidad Tecnica Particular de Loja","CC BY NC 4.0","UTPL","HUTPL:V","f1014ac9-c45c-487b-87b6-ac906a129104","866f902a-1483-4bad-9ae1-961a1e27455e","","Vascular","UTPL","PreservedSpecimen","","HUTPL:V:15719","15719","","exicate","collection","","1","speciment part","","2600","M.M. Jiménez León|G.A. Iturralde, Garzón-Suárez, H.X.","6/2/2025","2025-06-02","2025","6","2","South America","Ecuador","EC","Napo","Cosanga","Cordillera de Guacamayos, vía Baeza-Tena","","2101 m","2101","","utm","18M 183789 9930084 UTM","-0.631769","-77.840708","WGS84","accepted","Plantae","Tracheophyta","Magnoliopsida","Myrtales","Melastomataceae","Meriania","","","Sw.","","","ec.bio.spp.3262","Meriania","Meriania Sw.","","","","M.M. Jiménez","HUTPL","2025-06-02","","","ICN","genus","","","","","","","J.L. Armijos Barros","2025","A. Benítez","Estudio de diversidad taxonómica y genética de plantas y hongos del Ecuador","contrato marco","permit available","","","MAATE-DNB-CM-2022-0248-M-0001","3655","","DEP-2025-8",""
"PhysicalObject","es","https://creativecommons.org/licenses/by-nc/4.0/","Universidad Tecnica Particular de Loja","CC BY NC 4.0","UTPL","HUTPL:V","f1014ac9-c45c-487b-87b6-ac906a129104","866f902a-1483-4bad-9ae1-961a1e27455e","","Vascular","UTPL","PreservedSpecimen","","HUTPL:V:15720","15720","","exicate","collection","","4","speciment part","","2601","M.M. Jiménez León|G.A. Iturralde, Garzón-Suárez, H.X.","6/2/2025","2025-06-02","2025","6","2","South America","Ecuador","EC","Napo","Cosanga","Cordillera de Guacamayos, vía Baeza-Tena","","2126 m","2126","","utm","18M 183714 9930098 UTM","-0.631642","-77.841381","WGS84","accepted","Plantae","Tracheophyta","Magnoliopsida","Myrtales","Melastomataceae","Meriania","drakei","","(Cogn.) Wurdack","","","ec.bio.spp.27540","Meriania drakei","Meriania drakei (Cogn.) Wurdack","","","","M.M. Jiménez León","HUTPL","2025-06-02","","","ICN","species","","","","","","","J.L. Armijos Barros","2025","A. Benítez","Estudio de diversidad taxonómica y genética de plantas y hongos del Ecuador","contrato marco","permit available","","","MAATE-DNB-CM-2022-0248-M-0001","3655","","DEP-2025-8",""
"PhysicalObject","es","https://creativecommons.org/licenses/by-nc/4.0/","Universidad Tecnica Particular de Loja","CC BY NC 4.0","UTPL","HUTPL:V","f1014ac9-c45c-487b-87b6-ac906a129104","866f902a-1483-4bad-9ae1-961a1e27455e","","Vascular","UTPL","PreservedSpecimen","","HUTPL:V:15721","15721","","exicate","collection","","2","speciment part","","2602","M.M. Jiménez León|G.A. Iturralde, Garzón-Suárez, H.X.","6/2/2025","2025-06-02","2025","6","2","South America","Ecuador","EC","Napo","Cosanga","Cordillera de Guacamayos, vía Baeza-Tena","","2077 m","2077","","decimal degrees","-0.6289223 lat -77.8115299 long","-0.628922","-77.81153","WGS84","accepted","Plantae","Tracheophyta","Magnoliopsida","Myrtales","Melastomataceae","Meriania","hernandi","","","","","","Meriania hernandi","Meriania hernandi","","","","M.M. Jiménez","HUTPL","2025-06-02","","","ICN","species","","","","","","","J.L. Armijos Barros","2025","A. Benítez","Estudio de diversidad taxonómica y genética de plantas y hongos del Ecuador","contrato marco","permit available","","","MAATE-DNB-CM-2022-0248-M-0001","3655","","DEP-2025-8",""
"PhysicalObject","es","https://creativecommons.org/licenses/by-nc/4.0/","Universidad Tecnica Particular de Loja","CC BY NC 4.0","UTPL","HUTPL:V","f1014ac9-c45c-487b-87b6-ac906a129104","866f902a-1483-4bad-9ae1-961a1e27455e","","Vascular","UTPL","PreservedSpecimen","","HUTPL:V:15722","15722","","exicate","collection","","2","speciment part","","2603","M.M. Jiménez León|G.A. Iturralde, Garzón-Suárez, H.X.","6/2/2025","2025-06-02","2025","6","2","South America","Ecuador","EC","Napo","Cosanga","Cordillera de Guacamayos, vía Baeza-Tena","","1782 m","1782","","utm","18 M 189363.80 9927885.04 UTM","-0.651667","-77.790677","WGS84","accepted","Plantae","Tracheophyta","Magnoliopsida","Myrtales","Melastomataceae","Blakea","subvaginata","","","","","","Blakea subvaginata","Blakea subvaginata","","","","M.M. Jiménez","HUTPL","2025-06-02","","","ICN","species","","","","","","","J.L. Armijos Barros","2025","A. Benítez","Estudio de diversidad taxonómica y genética de plantas y hongos del Ecuador","contrato marco","permit available","","","MAATE-DNB-CM-2022-0248-M-0001","3655","","DEP-2025-8",""
"PhysicalObject","es","https://creativecommons.org/licenses/by-nc/4.0/","Universidad Tecnica Particular de Loja","CC BY NC 4.0","UTPL","HUTPL:V","f1014ac9-c45c-487b-87b6-ac906a129104","866f902a-1483-4bad-9ae1-961a1e27455e","","Vascular","UTPL","PreservedSpecimen","","HUTPL:V:15723","15723","","exicate","collection","","1","speciment part","","2614","M.M. Jiménez León|G.A. Iturralde, Garzón-Suárez, H.X.","5/30/2025","2025-05-30","2025","5","30","South America","Ecuador","EC","Napo","Tena","Balneario Laguna Azul, siguiendo un sendero","","619 m","619","","decimal degrees","-1.0717121 lat -77.9611096 long","-1.071712","-77.96111","WGS84","accepted","Plantae","Tracheophyta","Liliopsida","Asparagales","Orchidaceae","Pleurothallis","","","R.Br.","","","ec.bio.spp.950","Pleurothallis","Pleurothallis R.Br.","","","","M.M. Jiménez","HUTPL","2025-05-30","","","ICN","genus","","","","","","","J.L. Armijos Barros","2025","A. Benítez","Estudio de diversidad taxonómica y genética de plantas y hongos del Ecuador","contrato marco","permit available","","","MAATE-DNB-CM-2022-0248-M-0001","3655","","DEP-2025-8",""
"PhysicalObject","es","https://creativecommons.org/licenses/by-nc/4.0/","Universidad Tecnica Particular de Loja","CC BY NC 4.73","UTPL","HUTPL:V","f1014ac9-c45c-487b-87b6-ac906a129177","866f902a-1483-4bad-9ae1-961a1e27455e","","Vascular","UTPL","PreservedSpecimen","","HUTPL:V:15724","15724","","exicate","collection","","1","speciment part","","308","H. Garzón","8/5/2025","2025-08-05","2025","8","5","South America","Ecuador","EC","Imbabura","Ibarra","La Carolina - Proyecto Cascabel - Aguinaga Alto","","1629 m","1629","","utm","17N 798755 85628","0.773847","-78.31591","WGS84","accepted","Plantae","Tracheophyta","Magnoliopsida","Gentianales","Rubiaceae","Elaeagia","","","Wedd.","","","ec.bio.spp.2348","Elaeagia","Elaeagia Wedd.","","","","H. Garzón","HUTPL","2025-08-05","","","ICN","genus","Arbolito","flowering","treelet","","","","J.L. Armijos Barros","2025","Pedro Álvarez Rivera","Monitoreo biótico semestral para la fase de exploración avanzada de minerales metálicos del área minera cascabel campaña agosto 2025","","","","","013-2025-ARVS-FAU-FLO-OTIB-DZ1-MAATE","MAATE-DZ1-OTIB-GBVS-GM-2025-11","","DEP-2025-9",""
"PhysicalObject","es","https://creativecommons.org/licenses/by-nc/4.0/","Universidad Tecnica Particular de Loja","CC BY NC 4.74","UTPL","HUTPL:V","f1014ac9-c45c-487b-87b6-ac906a129178","866f902a-1483-4bad-9ae1-961a1e27455e","","Vascular","UTPL","PreservedSpecimen","","HUTPL:V:15725","15725","","exicate","collection","","2","speciment part","","309","H. Garzón","8/5/2025","2025-08-05","2025","8","5","South America","Ecuador","EC","Imbabura","Ibarra","La Carolina - Proyecto Cascabel - Aguinaga Alto","","1629 m","1629","","utm","17N 798755 85628","0.773847","-78.31591","WGS84","accepted","Plantae","Tracheophyta","Magnoliopsida","Myrtales","Melastomataceae","Miconia","","","Ruiz & Pav.","","","ec.bio.spp.3263","Miconia","Miconia Ruiz & Pav.","","","","H. Garzón","HUTPL","2025-08-05","","","ICN","genus","Árbol","","tree","","","","J.L. Armijos Barros","2025","Pedro Álvarez Rivera","Monitoreo biótico semestral para la fase de exploración avanzada de minerales metálicos del área minera cascabel campaña agosto 2025","","","","","013-2025-ARVS-FAU-FLO-OTIB-DZ1-MAATE","MAATE-DZ1-OTIB-GBVS-GM-2025-11","","DEP-2025-9",""
"PhysicalObject","es","https://creativecommons.org/licenses/by-nc/4.0/","Universidad Tecnica Particular de Loja","CC BY NC 4.75","UTPL","HUTPL:V","f1014ac9-c45c-487b-87b6-ac906a129179","866f902a-1483-4bad-9ae1-961a1e27455e","","Vascular","UTPL","PreservedSpecimen","","HUTPL:V:15726","15726","","exicate","collection","","2","speciment part","","310","H. Garzón","8/5/2025","2025-08-05","2025","8","5","South America","Ecuador","EC","Imbabura","Ibarra","La Carolina - Proyecto Cascabel - Aguinaga Alto","","1629 m","1629","","utm","17N 798755 85628","0.773847","-78.31591","WGS84","accepted","Plantae","Tracheophyta","Magnoliopsida","Myrtales","Melastomataceae","Miconia","","","Ruiz & Pav.","","","ec.bio.spp.3263","Miconia","Miconia Ruiz & Pav.","","","","H. Garzón","HUTPL","2025-08-05","","","ICN","genus","Árbol","","tree","","","","J.L. Armijos Barros","2025","Pedro Álvarez Rivera","Monitoreo biótico semestral para la fase de exploración avanzada de minerales metálicos del área minera cascabel campaña agosto 2025","","","","","013-2025-ARVS-FAU-FLO-OTIB-DZ1-MAATE","MAATE-DZ1-OTIB-GBVS-GM-2025-11","","DEP-2025-9",""
"PhysicalObject","es","https://creativecommons.org/licenses/by-nc/4.0/","Universidad Tecnica Particular de Loja","CC BY NC 4.76","UTPL","HUTPL:V","f1014ac9-c45c-487b-87b6-ac906a129180","866f902a-1483-4bad-9ae1-961a1e27455e","","Vascular","UTPL","PreservedSpecimen","","HUTPL:V:15727","15727","","exicate","collection","","1","speciment part","","311","H. Garzón","8/5/2025","2025-08-05","2025","8","5","South America","Ecuador","EC","Imbabura","Ibarra","La Carolina - Proyecto Cascabel - Aguinaga Alto","","1629 m","1629","","utm","17N 798755 85628","0.773847","-78.31591","WGS84","accepted","Plantae","Tracheophyta","Magnoliopsida","Myrtales","Melastomataceae","Miconia","rubescens","","","","","","Miconia rubescens","Miconia rubescens","","","","H. Garzón","HUTPL","2025-08-05","","","ICN","species","Arbolito","","treelet","","","","J.L. Armijos Barros","2025","Pedro Álvarez Rivera","Monitoreo biótico semestral para la fase de exploración avanzada de minerales metálicos del área minera cascabel campaña agosto 2025","","","","","013-2025-ARVS-FAU-FLO-OTIB-DZ1-MAATE","MAATE-DZ1-OTIB-GBVS-GM-2025-11","","DEP-2025-9",""
"PhysicalObject","es","https://creativecommons.org/licenses/by-nc/4.0/","Universidad Tecnica Particular de Loja","CC BY NC 4.77","UTPL","HUTPL:V","f1014ac9-c45c-487b-87b6-ac906a129181","866f902a-1483-4bad-9ae1-961a1e27455e","","Vascular","UTPL","PreservedSpecimen","","HUTPL:V:15728","15728","","exicate","collection","","1","speciment part","","312","H. Garzón","8/5/2025","2025-08-05","2025","8","5","South America","Ecuador","EC","Imbabura","Ibarra","La Carolina - Proyecto Cascabel - Aguinaga Alto","","1629 m","1629","","utm","17N 798755 85628","0.773847","-78.31591","WGS84","accepted","Plantae","Tracheophyta","Magnoliopsida","Gentianales","Rubiaceae","Elaeagia","utilis","","(Goudot) Wedd.","","","ec.bio.spp.20332","Elaeagia utilis","Elaeagia utilis (Goudot) Wedd.","","","","H. Garzón","HUTPL","2025-08-05","","","ICN","species","Árbol","","tree","","","","J.L. Armijos Barros","2025","Pedro Álvarez Rivera","Monitoreo biótico semestral para la fase de exploración avanzada de minerales metálicos del área minera cascabel campaña agosto 2025","","","","","013-2025-ARVS-FAU-FLO-OTIB-DZ1-MAATE","MAATE-DZ1-OTIB-GBVS-GM-2025-11","","DEP-2025-9",""
"PhysicalObject","es","https://creativecommons.org/licenses/by-nc/4.0/","Universidad Tecnica Particular de Loja","CC BY NC 4.78","UTPL","HUTPL:V","f1014ac9-c45c-487b-87b6-ac906a129182","866f902a-1483-4bad-9ae1-961a1e27455e","","Vascular","UTPL","PreservedSpecimen","","HUTPL:V:15729","15729","","exicate","collection","","1","speciment part","","313","H. Garzón","8/7/2025","2025-08-07","2025","8","7","South America","Ecuador","EC","Imbabura","Ibarra","Lita - Proyecto Cascabel - Los Irons","","1798 m","1798","","utm","17N 798140 83593","0.75546","-78.321442","WGS84","accepted","Plantae","Tracheophyta","Magnoliopsida","Magnoliales","Annonaceae","Guatteria","","","Ruiz & Pav.","","","ec.bio.spp.2839","Guatteria","Guatteria Ruiz & Pav.","","","","H. Garzón","HUTPL","2025-08-07","","","ICN","genus","Árbol","","tree","","","","J.L. Armijos Barros","2025","Pedro Álvarez Rivera","Monitoreo biótico semestral para la fase de exploración avanzada de minerales metálicos del área minera cascabel campaña agosto 2025","","","","","013-2025-ARVS-FAU-FLO-OTIB-DZ1-MAATE","MAATE-DZ1-OTIB-GBVS-GM-2025-11","","DEP-2025-9",""
"PhysicalObject","es","https://creativecommons.org/licenses/by-nc/4.0/","Universidad Tecnica Particular de Loja","CC BY NC 4.79","UTPL","HUTPL:V","f1014ac9-c45c-487b-87b6-ac906a129183","866f902a-1483-4bad-9ae1-961a1e27455e","","Vascular","UTPL","PreservedSpecimen","","HUTPL:V:15730","15730","","exicate","collection","","1","speciment part","","314","H. Garzón","8/7/2025","2025-08-07","2025","8","7","South America","Ecuador","EC","Imbabura","Ibarra","Lita - Proyecto Cascabel - Los Irons","","1798 m","1798","","utm","17N 798140 83593","0.75546","-78.321442","WGS84","accepted","Plantae","Tracheophyta","Magnoliopsida","Myrtales","Melastomataceae","Miconia","conocuatrecasii","","","","","","Miconia conocuatrecasii","Miconia conocuatrecasii","","","","H. Garzón","HUTPL","2025-08-07","","","ICN","species","Arbolito","","treelet","","","","J.L. Armijos Barros","2025","Pedro Álvarez Rivera","Monitoreo biótico semestral para la fase de exploración avanzada de minerales metálicos del área minera cascabel campaña agosto 2025","","","","","013-2025-ARVS-FAU-FLO-OTIB-DZ1-MAATE","MAATE-DZ1-OTIB-GBVS-GM-2025-11","","DEP-2025-9",""
"PhysicalObject","es","https://creativecommons.org/licenses/by-nc/4.0/","Universidad Tecnica Particular de Loja","CC BY NC 4.80","UTPL","HUTPL:V","f1014ac9-c45c-487b-87b6-ac906a129184","866f902a-1483-4bad-9ae1-961a1e27455e","","Vascular","UTPL","PreservedSpecimen","","HUTPL:V:15731","15731","","exicate","collection","","2","speciment part","","315","H. Garzón","8/7/2025","2025-08-07","2025","8","7","South America","Ecuador","EC","Imbabura","Ibarra","Lita - Proyecto Cascabel - Los Irons","","1798 m","1798","","utm","17N 798140 83593","0.75546","-78.321442","WGS84","accepted","Plantae","Tracheophyta","Liliopsida","Asparagales","Orchidaceae","Sobralia","gloriosa","","","","","","Sobralia gloriosa","Sobralia gloriosa","","","","H. Garzón","HUTPL","2025-08-07","","","ICN","species","Terrestre","flowering","herb","","","","J.L. Armijos Barros","2025","Pedro Álvarez Rivera","Monitoreo biótico semestral para la fase de exploración avanzada de minerales metálicos del área minera cascabel campaña agosto 2025","","","","","013-2025-ARVS-FAU-FLO-OTIB-DZ1-MAATE","MAATE-DZ1-OTIB-GBVS-GM-2025-11","","DEP-2025-9",""
"PhysicalObject","es","https://creativecommons.org/licenses/by-nc/4.0/","Universidad Tecnica Particular de Loja","CC BY NC 4.81","UTPL","HUTPL:V","f1014ac9-c45c-487b-87b6-ac906a129185","866f902a-1483-4bad-9ae1-961a1e27455e","","Vascular","UTPL","PreservedSpecimen","","HUTPL:V:15732","15732","","exicate","collection","","2","speciment part","","316","H. Garzón","8/7/2025","2025-08-07","2025","8","7","South America","Ecuador","EC","Imbabura","Ibarra","Lita - Proyecto Cascabel - Los Irons","","1760 m","1760","","utm","17N 798069 83710","0.756518","-78.322079","WGS84","accepted","Plantae","Tracheophyta","Liliopsida","Asparagales","Orchidaceae","Sobralia","lancea","","","","","","Sobralia lancea","Sobralia lancea","","","","H. Garzón","HUTPL","2025-08-07","","","ICN","species","Terrestre","flowering","herb","","","","J.L. Armijos Barros","2025","Pedro Álvarez Rivera","Monitoreo biótico semestral para la fase de exploración avanzada de minerales metálicos del área minera cascabel campaña agosto 2025","","","","","013-2025-ARVS-FAU-FLO-OTIB-DZ1-MAATE","MAATE-DZ1-OTIB-GBVS-GM-2025-11","","DEP-2025-9",""
"PhysicalObject","es","https://creativecommons.org/licenses/by-nc/4.0/","Universidad Tecnica Particular de Loja","CC BY NC 4.82","UTPL","HUTPL:V","f1014ac9-c45c-487b-87b6-ac906a129186","866f902a-1483-4bad-9ae1-961a1e27455e","","Vascular","UTPL","PreservedSpecimen","","HUTPL:V:15733","15733","","exicate","collection","","1","speciment part","","317","H. Garzón","8/8/2025","2025-08-08","2025","8","8","South America","Ecuador","EC","Imbabura","Ibarra","La Carolina - Proyecto Cascabel - Rocafuerte","","1129 m","1129","","utm","17N 798528 87971","0.795023","-78.317934","WGS84","accepted","Plantae","Tracheophyta","Magnoliopsida","Fabales","Fabaceae","Inga","coruscans","","","","","","Inga coruscans","Inga coruscans","","","","H. Garzón","HUTPL","2025-08-08","","","ICN","species","Árbol","","tree","","","","J.L. Armijos Barros","2025","Pedro Álvarez Rivera","Monitoreo biótico semestral para la fase de exploración avanzada de minerales metálicos del área minera cascabel campaña agosto 2025","","","","","013-2025-ARVS-FAU-FLO-OTIB-DZ1-MAATE","MAATE-DZ1-OTIB-GBVS-GM-2025-11","","DEP-2025-9",""
"PhysicalObject","es","https://creativecommons.org/licenses/by-nc/4.0/","Universidad Tecnica Particular de Loja","CC BY NC 4.83","UTPL","HUTPL:V","f1014ac9-c45c-487b-87b6-ac906a129187","866f902a-1483-4bad-9ae1-961a1e27455e","","Vascular","UTPL","PreservedSpecimen","","HUTPL:V:15734","15734","","exicate","collection","","1","speciment part","","318","H. Garzón","8/8/2025","2025-08-08","2025","8","8","South America","Ecuador","EC","Imbabura","Ibarra","La Carolina - Proyecto Cascabel - Rocafuerte","","1129 m","1129","","utm","17N 798528 87971","0.795023","-78.317934","WGS84","accepted","Plantae","Tracheophyta","Magnoliopsida","Rosales","Moraceae","Sorocea","pubivena","","","","","","Sorocea pubivena","Sorocea pubivena","","","","H. Garzón","HUTPL","2025-08-08","","","ICN","species","Árbol","","tree","","","","J.L. Armijos Barros","2025","Pedro Álvarez Rivera","Monitoreo biótico semestral para la fase de exploración avanzada de minerales metálicos del área minera cascabel campaña agosto 2025","","","","","013-2025-ARVS-FAU-FLO-OTIB-DZ1-MAATE","MAATE-DZ1-OTIB-GBVS-GM-2025-11","","DEP-2025-9",""
"PhysicalObject","es","https://creativecommons.org/licenses/by-nc/4.0/","Universidad Tecnica Particular de Loja","CC BY NC 4.84","UTPL","HUTPL:V","f1014ac9-c45c-487b-87b6-ac906a129188","866f902a-1483-4bad-9ae1-961a1e27455e","","Vascular","UTPL","PreservedSpecimen","","HUTPL:V:15735","15735","","exicate","collection","","1","speciment part","","319","H. Garzón","8/9/2025","2025-08-09","2025","8","9","South America","Ecuador","EC","Imbabura","Ibarra","Lita - Proyecto Cascabel - Aguinaga Bajo","","1377 m","1377","","utm","17N 798398 86601","0.782643","-78.319109","WGS84","accepted","Plantae","Tracheophyta","Liliopsida","Asparagales","Orchidaceae","Sobralia","madisonii","","","","","","Sobralia madisonii","Sobralia madisonii","","","","H. Garzón","HUTPL","2025-08-09","","","ICN","species","Terrestre","flowering","herb","","","","J.L. Armijos Barros","2025","Pedro Álvarez Rivera","Monitoreo biótico semestral para la fase de exploración avanzada de minerales metálicos del área minera cascabel campaña agosto 2025","","","","","013-2025-ARVS-FAU-FLO-OTIB-DZ1-MAATE","MAATE-DZ1-OTIB-GBVS-GM-2025-11","","DEP-2025-9",""
